{
    "model": "50Games20EpochsModel.pt",
    "computingTime": 30,
    "datasetSize": 50,
    "epochs": 20,
    "successRate": 0.004826254826254826,
    "losses": [
        31.058563232421875,
        863.6858520507812,
        360.0815734863281,
        214.9127960205078,
        141.803466796875,
        87.35603332519531,
        73.60905456542969,
        35.98345947265625,
        23.14561653137207,
        15.534318923950195,
        12.571310043334961,
        10.764376640319824,
        9.873037338256836,
        17.725473403930664,
        10.566542625427246,
        9.301413536071777,
        8.447916984558105,
        7.779063701629639,
        7.462127685546875,
        7.4776177406311035
    ],
    "dataComputingTime": 9.463432788848877
}